schema,column_name,data_type,fake_data,order
CSVFILEVOVA,Success,Full Name,Jeffery Barnes,1
CSVFILEVOVA,Success,Full Name,Jeffery Barnes,1
CSVFILEVOVA,Success,Full Name,Jeffery Barnes,1
CSVFILEVOVA,Success,Full Name,Jeffery Barnes,1
CSVFILEVOVA,Success,Full Name,Jeffery Barnes,1
CSVFILEVOVA,Success,Full Name,Jeffery Barnes,1
CSVFILEVOVA,Success,Full Name,Jeffery Barnes,1
CSVFILEVOVA,Success,Full Name,Jeffery Barnes,1
CSVFILEVOVA,Success,Full Name,Jeffery Barnes,1
CSVFILEVOVA,Success,Full Name,Jeffery Barnes,1
CSVFILEVOVA,Success,Full Name,Jeffery Barnes,1
CSVFILEVOVA,Success,Full Name,Jeffery Barnes,1
CSVFILEVOVA,Success,Full Name,Jeffery Barnes,1
CSVFILEVOVA,Success,Full Name,Jeffery Barnes,1
CSVFILEVOVA,Success,Full Name,Jeffery Barnes,1
CSVFILEVOVA,Success,Full Name,Jeffery Barnes,1
CSVFILEVOVA,Success,Full Name,Jeffery Barnes,1
CSVFILEVOVA,Success,Full Name,Jeffery Barnes,1
CSVFILEVOVA,Success,Full Name,Jeffery Barnes,1
CSVFILEVOVA,Success,Full Name,Jeffery Barnes,1
CSVFILEVOVA,Success,Full Name,Jeffery Barnes,1
CSVFILEVOVA,Success,Full Name,Jeffery Barnes,1
CSVFILEVOVA,Success,Full Name,Jeffery Barnes,1
CSVFILEVOVA,Success1,Job,Community development worker,2
CSVFILEVOVA,Success1,Job,Community development worker,2
CSVFILEVOVA,Success1,Job,Community development worker,2
CSVFILEVOVA,Success1,Job,Community development worker,2
CSVFILEVOVA,Success1,Job,Community development worker,2
CSVFILEVOVA,Success1,Job,Community development worker,2
CSVFILEVOVA,Success1,Job,Community development worker,2
CSVFILEVOVA,Success1,Job,Community development worker,2
CSVFILEVOVA,Success1,Job,Community development worker,2
CSVFILEVOVA,Success1,Job,Community development worker,2
CSVFILEVOVA,Success1,Job,Community development worker,2
CSVFILEVOVA,Success1,Job,Community development worker,2
CSVFILEVOVA,Success1,Job,Community development worker,2
CSVFILEVOVA,Success1,Job,Community development worker,2
CSVFILEVOVA,Success1,Job,Community development worker,2
CSVFILEVOVA,Success1,Job,Community development worker,2
CSVFILEVOVA,Success1,Job,Community development worker,2
CSVFILEVOVA,Success1,Job,Community development worker,2
CSVFILEVOVA,Success1,Job,Community development worker,2
CSVFILEVOVA,Success1,Job,Community development worker,2
CSVFILEVOVA,Success1,Job,Community development worker,2
CSVFILEVOVA,Success1,Job,Community development worker,2
CSVFILEVOVA,Success1,Job,Community development worker,2
CSVFILEVOVA,Success2,Email,willie84@example.net,3
CSVFILEVOVA,Success2,Email,willie84@example.net,3
CSVFILEVOVA,Success2,Email,willie84@example.net,3
CSVFILEVOVA,Success2,Email,willie84@example.net,3
CSVFILEVOVA,Success2,Email,willie84@example.net,3
CSVFILEVOVA,Success2,Email,willie84@example.net,3
CSVFILEVOVA,Success2,Email,willie84@example.net,3
CSVFILEVOVA,Success2,Email,willie84@example.net,3
CSVFILEVOVA,Success2,Email,willie84@example.net,3
CSVFILEVOVA,Success2,Email,willie84@example.net,3
CSVFILEVOVA,Success2,Email,willie84@example.net,3
CSVFILEVOVA,Success2,Email,willie84@example.net,3
CSVFILEVOVA,Success2,Email,willie84@example.net,3
CSVFILEVOVA,Success2,Email,willie84@example.net,3
CSVFILEVOVA,Success2,Email,willie84@example.net,3
CSVFILEVOVA,Success2,Email,willie84@example.net,3
CSVFILEVOVA,Success2,Email,willie84@example.net,3
CSVFILEVOVA,Success2,Email,willie84@example.net,3
CSVFILEVOVA,Success2,Email,willie84@example.net,3
CSVFILEVOVA,Success2,Email,willie84@example.net,3
CSVFILEVOVA,Success2,Email,willie84@example.net,3
CSVFILEVOVA,Success2,Email,willie84@example.net,3
CSVFILEVOVA,Success2,Email,willie84@example.net,3
CSVFILEVOVA,Success3,Domain Name,martin.org,4
CSVFILEVOVA,Success3,Domain Name,martin.org,4
CSVFILEVOVA,Success3,Domain Name,martin.org,4
CSVFILEVOVA,Success3,Domain Name,martin.org,4
CSVFILEVOVA,Success3,Domain Name,martin.org,4
CSVFILEVOVA,Success3,Domain Name,martin.org,4
CSVFILEVOVA,Success3,Domain Name,martin.org,4
CSVFILEVOVA,Success3,Domain Name,martin.org,4
CSVFILEVOVA,Success3,Domain Name,martin.org,4
CSVFILEVOVA,Success3,Domain Name,martin.org,4
CSVFILEVOVA,Success3,Domain Name,martin.org,4
CSVFILEVOVA,Success3,Domain Name,martin.org,4
CSVFILEVOVA,Success3,Domain Name,martin.org,4
CSVFILEVOVA,Success3,Domain Name,martin.org,4
CSVFILEVOVA,Success3,Domain Name,martin.org,4
CSVFILEVOVA,Success3,Domain Name,martin.org,4
CSVFILEVOVA,Success3,Domain Name,martin.org,4
CSVFILEVOVA,Success3,Domain Name,martin.org,4
CSVFILEVOVA,Success3,Domain Name,martin.org,4
CSVFILEVOVA,Success3,Domain Name,martin.org,4
CSVFILEVOVA,Success3,Domain Name,martin.org,4
CSVFILEVOVA,Success3,Domain Name,martin.org,4
CSVFILEVOVA,Success3,Domain Name,martin.org,4
CSVFILEVOVA,Success,Full Name,Melissa Alvarez,1
CSVFILEVOVA,Success,Full Name,Melissa Alvarez,1
CSVFILEVOVA,Success,Full Name,Melissa Alvarez,1
CSVFILEVOVA,Success,Full Name,Melissa Alvarez,1
CSVFILEVOVA,Success,Full Name,Melissa Alvarez,1
CSVFILEVOVA,Success,Full Name,Melissa Alvarez,1
CSVFILEVOVA,Success,Full Name,Melissa Alvarez,1
CSVFILEVOVA,Success,Full Name,Melissa Alvarez,1
CSVFILEVOVA,Success,Full Name,Melissa Alvarez,1
CSVFILEVOVA,Success,Full Name,Melissa Alvarez,1
CSVFILEVOVA,Success,Full Name,Melissa Alvarez,1
CSVFILEVOVA,Success,Full Name,Melissa Alvarez,1
CSVFILEVOVA,Success,Full Name,Melissa Alvarez,1
CSVFILEVOVA,Success,Full Name,Melissa Alvarez,1
CSVFILEVOVA,Success,Full Name,Melissa Alvarez,1
CSVFILEVOVA,Success,Full Name,Melissa Alvarez,1
CSVFILEVOVA,Success,Full Name,Melissa Alvarez,1
CSVFILEVOVA,Success,Full Name,Melissa Alvarez,1
CSVFILEVOVA,Success,Full Name,Melissa Alvarez,1
CSVFILEVOVA,Success,Full Name,Melissa Alvarez,1
CSVFILEVOVA,Success,Full Name,Melissa Alvarez,1
CSVFILEVOVA,Success,Full Name,Melissa Alvarez,1
CSVFILEVOVA,Success,Full Name,Melissa Alvarez,1
CSVFILEVOVA,Success1,Job,Leisure centre manager,2
CSVFILEVOVA,Success1,Job,Leisure centre manager,2
CSVFILEVOVA,Success1,Job,Leisure centre manager,2
CSVFILEVOVA,Success1,Job,Leisure centre manager,2
CSVFILEVOVA,Success1,Job,Leisure centre manager,2
CSVFILEVOVA,Success1,Job,Leisure centre manager,2
CSVFILEVOVA,Success1,Job,Leisure centre manager,2
CSVFILEVOVA,Success1,Job,Leisure centre manager,2
CSVFILEVOVA,Success1,Job,Leisure centre manager,2
CSVFILEVOVA,Success1,Job,Leisure centre manager,2
CSVFILEVOVA,Success1,Job,Leisure centre manager,2
CSVFILEVOVA,Success1,Job,Leisure centre manager,2
CSVFILEVOVA,Success1,Job,Leisure centre manager,2
CSVFILEVOVA,Success1,Job,Leisure centre manager,2
CSVFILEVOVA,Success1,Job,Leisure centre manager,2
CSVFILEVOVA,Success1,Job,Leisure centre manager,2
CSVFILEVOVA,Success1,Job,Leisure centre manager,2
CSVFILEVOVA,Success1,Job,Leisure centre manager,2
CSVFILEVOVA,Success1,Job,Leisure centre manager,2
CSVFILEVOVA,Success1,Job,Leisure centre manager,2
CSVFILEVOVA,Success1,Job,Leisure centre manager,2
CSVFILEVOVA,Success1,Job,Leisure centre manager,2
CSVFILEVOVA,Success1,Job,Leisure centre manager,2
CSVFILEVOVA,Success2,Email,michael90@example.com,3
CSVFILEVOVA,Success2,Email,michael90@example.com,3
CSVFILEVOVA,Success2,Email,michael90@example.com,3
CSVFILEVOVA,Success2,Email,michael90@example.com,3
CSVFILEVOVA,Success2,Email,michael90@example.com,3
CSVFILEVOVA,Success2,Email,michael90@example.com,3
CSVFILEVOVA,Success2,Email,michael90@example.com,3
CSVFILEVOVA,Success2,Email,michael90@example.com,3
CSVFILEVOVA,Success2,Email,michael90@example.com,3
CSVFILEVOVA,Success2,Email,michael90@example.com,3
CSVFILEVOVA,Success2,Email,michael90@example.com,3
CSVFILEVOVA,Success2,Email,michael90@example.com,3
CSVFILEVOVA,Success2,Email,michael90@example.com,3
CSVFILEVOVA,Success2,Email,michael90@example.com,3
CSVFILEVOVA,Success2,Email,michael90@example.com,3
CSVFILEVOVA,Success2,Email,michael90@example.com,3
CSVFILEVOVA,Success2,Email,michael90@example.com,3
CSVFILEVOVA,Success2,Email,michael90@example.com,3
CSVFILEVOVA,Success2,Email,michael90@example.com,3
CSVFILEVOVA,Success2,Email,michael90@example.com,3
CSVFILEVOVA,Success2,Email,michael90@example.com,3
CSVFILEVOVA,Success2,Email,michael90@example.com,3
CSVFILEVOVA,Success2,Email,michael90@example.com,3
CSVFILEVOVA,Success3,Domain Name,flores-johnson.com,4
CSVFILEVOVA,Success3,Domain Name,flores-johnson.com,4
CSVFILEVOVA,Success3,Domain Name,flores-johnson.com,4
CSVFILEVOVA,Success3,Domain Name,flores-johnson.com,4
CSVFILEVOVA,Success3,Domain Name,flores-johnson.com,4
CSVFILEVOVA,Success3,Domain Name,flores-johnson.com,4
CSVFILEVOVA,Success3,Domain Name,flores-johnson.com,4
CSVFILEVOVA,Success3,Domain Name,flores-johnson.com,4
CSVFILEVOVA,Success3,Domain Name,flores-johnson.com,4
CSVFILEVOVA,Success3,Domain Name,flores-johnson.com,4
CSVFILEVOVA,Success3,Domain Name,flores-johnson.com,4
CSVFILEVOVA,Success3,Domain Name,flores-johnson.com,4
CSVFILEVOVA,Success3,Domain Name,flores-johnson.com,4
CSVFILEVOVA,Success3,Domain Name,flores-johnson.com,4
CSVFILEVOVA,Success3,Domain Name,flores-johnson.com,4
CSVFILEVOVA,Success3,Domain Name,flores-johnson.com,4
CSVFILEVOVA,Success3,Domain Name,flores-johnson.com,4
CSVFILEVOVA,Success3,Domain Name,flores-johnson.com,4
CSVFILEVOVA,Success3,Domain Name,flores-johnson.com,4
CSVFILEVOVA,Success3,Domain Name,flores-johnson.com,4
CSVFILEVOVA,Success3,Domain Name,flores-johnson.com,4
CSVFILEVOVA,Success3,Domain Name,flores-johnson.com,4
CSVFILEVOVA,Success3,Domain Name,flores-johnson.com,4
CSVFILEVOVA,Success,Full Name,Jeremy Mcdonald,1
CSVFILEVOVA,Success,Full Name,Jeremy Mcdonald,1
CSVFILEVOVA,Success,Full Name,Jeremy Mcdonald,1
CSVFILEVOVA,Success,Full Name,Jeremy Mcdonald,1
CSVFILEVOVA,Success,Full Name,Jeremy Mcdonald,1
CSVFILEVOVA,Success,Full Name,Jeremy Mcdonald,1
CSVFILEVOVA,Success,Full Name,Jeremy Mcdonald,1
CSVFILEVOVA,Success,Full Name,Jeremy Mcdonald,1
CSVFILEVOVA,Success,Full Name,Jeremy Mcdonald,1
CSVFILEVOVA,Success,Full Name,Jeremy Mcdonald,1
CSVFILEVOVA,Success,Full Name,Jeremy Mcdonald,1
CSVFILEVOVA,Success,Full Name,Jeremy Mcdonald,1
CSVFILEVOVA,Success,Full Name,Jeremy Mcdonald,1
CSVFILEVOVA,Success,Full Name,Jeremy Mcdonald,1
CSVFILEVOVA,Success,Full Name,Jeremy Mcdonald,1
CSVFILEVOVA,Success,Full Name,Jeremy Mcdonald,1
CSVFILEVOVA,Success,Full Name,Jeremy Mcdonald,1
CSVFILEVOVA,Success,Full Name,Jeremy Mcdonald,1
CSVFILEVOVA,Success,Full Name,Jeremy Mcdonald,1
CSVFILEVOVA,Success,Full Name,Jeremy Mcdonald,1
CSVFILEVOVA,Success,Full Name,Jeremy Mcdonald,1
CSVFILEVOVA,Success,Full Name,Jeremy Mcdonald,1
CSVFILEVOVA,Success1,Job,"Engineer, production",2
CSVFILEVOVA,Success1,Job,"Engineer, production",2
CSVFILEVOVA,Success1,Job,"Engineer, production",2
CSVFILEVOVA,Success1,Job,"Engineer, production",2
CSVFILEVOVA,Success1,Job,"Engineer, production",2
CSVFILEVOVA,Success1,Job,"Engineer, production",2
CSVFILEVOVA,Success1,Job,"Engineer, production",2
CSVFILEVOVA,Success1,Job,"Engineer, production",2
CSVFILEVOVA,Success1,Job,"Engineer, production",2
CSVFILEVOVA,Success1,Job,"Engineer, production",2
CSVFILEVOVA,Success1,Job,"Engineer, production",2
CSVFILEVOVA,Success1,Job,"Engineer, production",2
CSVFILEVOVA,Success1,Job,"Engineer, production",2
CSVFILEVOVA,Success1,Job,"Engineer, production",2
CSVFILEVOVA,Success1,Job,"Engineer, production",2
CSVFILEVOVA,Success1,Job,"Engineer, production",2
CSVFILEVOVA,Success1,Job,"Engineer, production",2
CSVFILEVOVA,Success1,Job,"Engineer, production",2
CSVFILEVOVA,Success1,Job,"Engineer, production",2
CSVFILEVOVA,Success1,Job,"Engineer, production",2
CSVFILEVOVA,Success1,Job,"Engineer, production",2
CSVFILEVOVA,Success1,Job,"Engineer, production",2
CSVFILEVOVA,Success2,Email,martinjohnathan@example.com,3
CSVFILEVOVA,Success2,Email,martinjohnathan@example.com,3
CSVFILEVOVA,Success2,Email,martinjohnathan@example.com,3
CSVFILEVOVA,Success2,Email,martinjohnathan@example.com,3
CSVFILEVOVA,Success2,Email,martinjohnathan@example.com,3
CSVFILEVOVA,Success2,Email,martinjohnathan@example.com,3
CSVFILEVOVA,Success2,Email,martinjohnathan@example.com,3
CSVFILEVOVA,Success2,Email,martinjohnathan@example.com,3
CSVFILEVOVA,Success2,Email,martinjohnathan@example.com,3
CSVFILEVOVA,Success2,Email,martinjohnathan@example.com,3
CSVFILEVOVA,Success2,Email,martinjohnathan@example.com,3
CSVFILEVOVA,Success2,Email,martinjohnathan@example.com,3
CSVFILEVOVA,Success2,Email,martinjohnathan@example.com,3
CSVFILEVOVA,Success2,Email,martinjohnathan@example.com,3
CSVFILEVOVA,Success2,Email,martinjohnathan@example.com,3
CSVFILEVOVA,Success2,Email,martinjohnathan@example.com,3
CSVFILEVOVA,Success2,Email,martinjohnathan@example.com,3
CSVFILEVOVA,Success2,Email,martinjohnathan@example.com,3
CSVFILEVOVA,Success2,Email,martinjohnathan@example.com,3
CSVFILEVOVA,Success2,Email,martinjohnathan@example.com,3
CSVFILEVOVA,Success2,Email,martinjohnathan@example.com,3
CSVFILEVOVA,Success2,Email,martinjohnathan@example.com,3
CSVFILEVOVA,Success3,Domain Name,edwards.com,4
CSVFILEVOVA,Success3,Domain Name,edwards.com,4
CSVFILEVOVA,Success3,Domain Name,edwards.com,4
CSVFILEVOVA,Success3,Domain Name,edwards.com,4
CSVFILEVOVA,Success3,Domain Name,edwards.com,4
CSVFILEVOVA,Success3,Domain Name,edwards.com,4
CSVFILEVOVA,Success3,Domain Name,edwards.com,4
CSVFILEVOVA,Success3,Domain Name,edwards.com,4
CSVFILEVOVA,Success3,Domain Name,edwards.com,4
CSVFILEVOVA,Success3,Domain Name,edwards.com,4
CSVFILEVOVA,Success3,Domain Name,edwards.com,4
CSVFILEVOVA,Success3,Domain Name,edwards.com,4
CSVFILEVOVA,Success3,Domain Name,edwards.com,4
CSVFILEVOVA,Success3,Domain Name,edwards.com,4
CSVFILEVOVA,Success3,Domain Name,edwards.com,4
CSVFILEVOVA,Success3,Domain Name,edwards.com,4
CSVFILEVOVA,Success3,Domain Name,edwards.com,4
CSVFILEVOVA,Success3,Domain Name,edwards.com,4
CSVFILEVOVA,Success3,Domain Name,edwards.com,4
CSVFILEVOVA,Success3,Domain Name,edwards.com,4
CSVFILEVOVA,Success3,Domain Name,edwards.com,4
CSVFILEVOVA,Success3,Domain Name,edwards.com,4
CSVFILEVOVA,Success,Full Name,Richard Navarro,1
CSVFILEVOVA,Success,Full Name,Richard Navarro,1
CSVFILEVOVA,Success,Full Name,Richard Navarro,1
CSVFILEVOVA,Success,Full Name,Richard Navarro,1
CSVFILEVOVA,Success,Full Name,Richard Navarro,1
CSVFILEVOVA,Success,Full Name,Richard Navarro,1
CSVFILEVOVA,Success,Full Name,Richard Navarro,1
CSVFILEVOVA,Success,Full Name,Richard Navarro,1
CSVFILEVOVA,Success,Full Name,Richard Navarro,1
CSVFILEVOVA,Success,Full Name,Richard Navarro,1
CSVFILEVOVA,Success,Full Name,Richard Navarro,1
CSVFILEVOVA,Success,Full Name,Richard Navarro,1
CSVFILEVOVA,Success,Full Name,Richard Navarro,1
CSVFILEVOVA,Success,Full Name,Richard Navarro,1
CSVFILEVOVA,Success,Full Name,Richard Navarro,1
CSVFILEVOVA,Success,Full Name,Richard Navarro,1
CSVFILEVOVA,Success,Full Name,Richard Navarro,1
CSVFILEVOVA,Success,Full Name,Richard Navarro,1
CSVFILEVOVA,Success,Full Name,Richard Navarro,1
CSVFILEVOVA,Success,Full Name,Richard Navarro,1
CSVFILEVOVA,Success,Full Name,Richard Navarro,1
CSVFILEVOVA,Success,Full Name,Richard Navarro,1
CSVFILEVOVA,Success1,Job,Fast food restaurant manager,2
CSVFILEVOVA,Success1,Job,Fast food restaurant manager,2
CSVFILEVOVA,Success1,Job,Fast food restaurant manager,2
CSVFILEVOVA,Success1,Job,Fast food restaurant manager,2
CSVFILEVOVA,Success1,Job,Fast food restaurant manager,2
CSVFILEVOVA,Success1,Job,Fast food restaurant manager,2
CSVFILEVOVA,Success1,Job,Fast food restaurant manager,2
CSVFILEVOVA,Success1,Job,Fast food restaurant manager,2
CSVFILEVOVA,Success1,Job,Fast food restaurant manager,2
CSVFILEVOVA,Success1,Job,Fast food restaurant manager,2
CSVFILEVOVA,Success1,Job,Fast food restaurant manager,2
CSVFILEVOVA,Success1,Job,Fast food restaurant manager,2
CSVFILEVOVA,Success1,Job,Fast food restaurant manager,2
CSVFILEVOVA,Success1,Job,Fast food restaurant manager,2
CSVFILEVOVA,Success1,Job,Fast food restaurant manager,2
CSVFILEVOVA,Success1,Job,Fast food restaurant manager,2
CSVFILEVOVA,Success1,Job,Fast food restaurant manager,2
CSVFILEVOVA,Success1,Job,Fast food restaurant manager,2
CSVFILEVOVA,Success1,Job,Fast food restaurant manager,2
CSVFILEVOVA,Success1,Job,Fast food restaurant manager,2
CSVFILEVOVA,Success1,Job,Fast food restaurant manager,2
CSVFILEVOVA,Success1,Job,Fast food restaurant manager,2
CSVFILEVOVA,Success2,Email,dreyes@example.com,3
CSVFILEVOVA,Success2,Email,dreyes@example.com,3
CSVFILEVOVA,Success2,Email,dreyes@example.com,3
CSVFILEVOVA,Success2,Email,dreyes@example.com,3
CSVFILEVOVA,Success2,Email,dreyes@example.com,3
CSVFILEVOVA,Success2,Email,dreyes@example.com,3
CSVFILEVOVA,Success2,Email,dreyes@example.com,3
CSVFILEVOVA,Success2,Email,dreyes@example.com,3
CSVFILEVOVA,Success2,Email,dreyes@example.com,3
CSVFILEVOVA,Success2,Email,dreyes@example.com,3
CSVFILEVOVA,Success2,Email,dreyes@example.com,3
CSVFILEVOVA,Success2,Email,dreyes@example.com,3
CSVFILEVOVA,Success2,Email,dreyes@example.com,3
CSVFILEVOVA,Success2,Email,dreyes@example.com,3
CSVFILEVOVA,Success2,Email,dreyes@example.com,3
CSVFILEVOVA,Success2,Email,dreyes@example.com,3
CSVFILEVOVA,Success2,Email,dreyes@example.com,3
CSVFILEVOVA,Success2,Email,dreyes@example.com,3
CSVFILEVOVA,Success2,Email,dreyes@example.com,3
CSVFILEVOVA,Success2,Email,dreyes@example.com,3
CSVFILEVOVA,Success2,Email,dreyes@example.com,3
CSVFILEVOVA,Success2,Email,dreyes@example.com,3
CSVFILEVOVA,Success3,Domain Name,sandoval-villanueva.com,4
CSVFILEVOVA,Success3,Domain Name,sandoval-villanueva.com,4
CSVFILEVOVA,Success3,Domain Name,sandoval-villanueva.com,4
CSVFILEVOVA,Success3,Domain Name,sandoval-villanueva.com,4
CSVFILEVOVA,Success3,Domain Name,sandoval-villanueva.com,4
CSVFILEVOVA,Success3,Domain Name,sandoval-villanueva.com,4
CSVFILEVOVA,Success3,Domain Name,sandoval-villanueva.com,4
CSVFILEVOVA,Success3,Domain Name,sandoval-villanueva.com,4
CSVFILEVOVA,Success3,Domain Name,sandoval-villanueva.com,4
CSVFILEVOVA,Success3,Domain Name,sandoval-villanueva.com,4
CSVFILEVOVA,Success3,Domain Name,sandoval-villanueva.com,4
CSVFILEVOVA,Success3,Domain Name,sandoval-villanueva.com,4
CSVFILEVOVA,Success3,Domain Name,sandoval-villanueva.com,4
CSVFILEVOVA,Success3,Domain Name,sandoval-villanueva.com,4
CSVFILEVOVA,Success3,Domain Name,sandoval-villanueva.com,4
CSVFILEVOVA,Success3,Domain Name,sandoval-villanueva.com,4
CSVFILEVOVA,Success3,Domain Name,sandoval-villanueva.com,4
CSVFILEVOVA,Success3,Domain Name,sandoval-villanueva.com,4
CSVFILEVOVA,Success3,Domain Name,sandoval-villanueva.com,4
CSVFILEVOVA,Success3,Domain Name,sandoval-villanueva.com,4
CSVFILEVOVA,Success3,Domain Name,sandoval-villanueva.com,4
CSVFILEVOVA,Success3,Domain Name,sandoval-villanueva.com,4
CSVFILEVOVA,Success,Full Name,Michelle Joyce,1
CSVFILEVOVA,Success,Full Name,Michelle Joyce,1
CSVFILEVOVA,Success,Full Name,Michelle Joyce,1
CSVFILEVOVA,Success,Full Name,Michelle Joyce,1
CSVFILEVOVA,Success,Full Name,Michelle Joyce,1
CSVFILEVOVA,Success,Full Name,Michelle Joyce,1
CSVFILEVOVA,Success,Full Name,Michelle Joyce,1
CSVFILEVOVA,Success,Full Name,Michelle Joyce,1
CSVFILEVOVA,Success,Full Name,Michelle Joyce,1
CSVFILEVOVA,Success,Full Name,Michelle Joyce,1
CSVFILEVOVA,Success,Full Name,Michelle Joyce,1
CSVFILEVOVA,Success,Full Name,Michelle Joyce,1
CSVFILEVOVA,Success,Full Name,Michelle Joyce,1
CSVFILEVOVA,Success,Full Name,Michelle Joyce,1
CSVFILEVOVA,Success,Full Name,Michelle Joyce,1
CSVFILEVOVA,Success,Full Name,Michelle Joyce,1
CSVFILEVOVA,Success,Full Name,Michelle Joyce,1
CSVFILEVOVA,Success,Full Name,Michelle Joyce,1
CSVFILEVOVA,Success,Full Name,Michelle Joyce,1
CSVFILEVOVA,Success,Full Name,Michelle Joyce,1
CSVFILEVOVA,Success,Full Name,Michelle Joyce,1
CSVFILEVOVA,Success,Full Name,Michelle Joyce,1
CSVFILEVOVA,Success,Full Name,Ashley Martin,1
CSVFILEVOVA,Success,Full Name,Ashley Martin,1
CSVFILEVOVA,Success,Full Name,Ashley Martin,1
CSVFILEVOVA,Success,Full Name,Ashley Martin,1
CSVFILEVOVA,Success,Full Name,Ashley Martin,1
CSVFILEVOVA,Success,Full Name,Ashley Martin,1
CSVFILEVOVA,Success,Full Name,Ashley Martin,1
CSVFILEVOVA,Success,Full Name,Ashley Martin,1
CSVFILEVOVA,Success,Full Name,Ashley Martin,1
CSVFILEVOVA,Success,Full Name,Ashley Martin,1
CSVFILEVOVA,Success,Full Name,Ashley Martin,1
CSVFILEVOVA,Success,Full Name,Ashley Martin,1
CSVFILEVOVA,Success,Full Name,Ashley Martin,1
CSVFILEVOVA,Success,Full Name,Ashley Martin,1
CSVFILEVOVA,Success,Full Name,Ashley Martin,1
CSVFILEVOVA,Success,Full Name,Ashley Martin,1
CSVFILEVOVA,Success,Full Name,Ashley Martin,1
CSVFILEVOVA,Success,Full Name,Ashley Martin,1
CSVFILEVOVA,Success,Full Name,Ashley Martin,1
CSVFILEVOVA,Success,Full Name,Ashley Martin,1
CSVFILEVOVA,Success,Full Name,Ashley Martin,1
CSVFILEVOVA,Success,Full Name,Ashley Martin,1
CSVFILEVOVA,Success,Full Name,Terri Norton,1
CSVFILEVOVA,Success,Full Name,Terri Norton,1
CSVFILEVOVA,Success,Full Name,Terri Norton,1
CSVFILEVOVA,Success,Full Name,Terri Norton,1
CSVFILEVOVA,Success,Full Name,Terri Norton,1
CSVFILEVOVA,Success,Full Name,Terri Norton,1
CSVFILEVOVA,Success,Full Name,Terri Norton,1
CSVFILEVOVA,Success,Full Name,Terri Norton,1
CSVFILEVOVA,Success,Full Name,Terri Norton,1
CSVFILEVOVA,Success,Full Name,Terri Norton,1
CSVFILEVOVA,Success,Full Name,Terri Norton,1
CSVFILEVOVA,Success,Full Name,Terri Norton,1
CSVFILEVOVA,Success,Full Name,Terri Norton,1
CSVFILEVOVA,Success,Full Name,Terri Norton,1
CSVFILEVOVA,Success,Full Name,Terri Norton,1
CSVFILEVOVA,Success,Full Name,Terri Norton,1
CSVFILEVOVA,Success,Full Name,Terri Norton,1
CSVFILEVOVA,Success,Full Name,Terri Norton,1
CSVFILEVOVA,Success,Full Name,Terri Norton,1
CSVFILEVOVA,Success,Full Name,Terri Norton,1
CSVFILEVOVA,Success,Full Name,Terri Norton,1
CSVFILEVOVA,Success,Full Name,Terri Norton,1
CSVFILEVOVA,Success,Full Name,Stacey Reed,1
CSVFILEVOVA,Success,Full Name,Stacey Reed,1
CSVFILEVOVA,Success,Full Name,Stacey Reed,1
CSVFILEVOVA,Success,Full Name,Stacey Reed,1
CSVFILEVOVA,Success,Full Name,Stacey Reed,1
CSVFILEVOVA,Success,Full Name,Stacey Reed,1
CSVFILEVOVA,Success,Full Name,Stacey Reed,1
CSVFILEVOVA,Success,Full Name,Stacey Reed,1
CSVFILEVOVA,Success,Full Name,Stacey Reed,1
CSVFILEVOVA,Success,Full Name,Stacey Reed,1
CSVFILEVOVA,Success,Full Name,Stacey Reed,1
CSVFILEVOVA,Success,Full Name,Stacey Reed,1
CSVFILEVOVA,Success,Full Name,Stacey Reed,1
CSVFILEVOVA,Success,Full Name,Stacey Reed,1
CSVFILEVOVA,Success,Full Name,Stacey Reed,1
CSVFILEVOVA,Success,Full Name,Stacey Reed,1
CSVFILEVOVA,Success,Full Name,Stacey Reed,1
CSVFILEVOVA,Success,Full Name,Stacey Reed,1
CSVFILEVOVA,Success,Full Name,Stacey Reed,1
CSVFILEVOVA,Success,Full Name,Stacey Reed,1
CSVFILEVOVA,Success,Full Name,Stacey Reed,1
CSVFILEVOVA,Success,Full Name,Stacey Reed,1
CSVFILEVOVA,Success1,Job,Dancer,2
CSVFILEVOVA,Success1,Job,Dancer,2
CSVFILEVOVA,Success1,Job,Dancer,2
CSVFILEVOVA,Success1,Job,Dancer,2
CSVFILEVOVA,Success1,Job,Dancer,2
CSVFILEVOVA,Success1,Job,Dancer,2
CSVFILEVOVA,Success1,Job,Dancer,2
CSVFILEVOVA,Success1,Job,Dancer,2
CSVFILEVOVA,Success1,Job,Dancer,2
CSVFILEVOVA,Success1,Job,Dancer,2
CSVFILEVOVA,Success1,Job,Dancer,2
CSVFILEVOVA,Success1,Job,Dancer,2
CSVFILEVOVA,Success1,Job,Dancer,2
CSVFILEVOVA,Success1,Job,Dancer,2
CSVFILEVOVA,Success1,Job,Dancer,2
CSVFILEVOVA,Success1,Job,Dancer,2
CSVFILEVOVA,Success1,Job,Dancer,2
CSVFILEVOVA,Success1,Job,Dancer,2
CSVFILEVOVA,Success1,Job,Dancer,2
CSVFILEVOVA,Success1,Job,Dancer,2
CSVFILEVOVA,Success1,Job,Dancer,2
CSVFILEVOVA,Success1,Job,Dancer,2
CSVFILEVOVA,Success2,Email,csullivan@example.org,3
CSVFILEVOVA,Success2,Email,csullivan@example.org,3
CSVFILEVOVA,Success2,Email,csullivan@example.org,3
CSVFILEVOVA,Success2,Email,csullivan@example.org,3
CSVFILEVOVA,Success2,Email,csullivan@example.org,3
CSVFILEVOVA,Success2,Email,csullivan@example.org,3
CSVFILEVOVA,Success2,Email,csullivan@example.org,3
CSVFILEVOVA,Success2,Email,csullivan@example.org,3
CSVFILEVOVA,Success2,Email,csullivan@example.org,3
CSVFILEVOVA,Success2,Email,csullivan@example.org,3
CSVFILEVOVA,Success2,Email,csullivan@example.org,3
CSVFILEVOVA,Success2,Email,csullivan@example.org,3
CSVFILEVOVA,Success2,Email,csullivan@example.org,3
CSVFILEVOVA,Success2,Email,csullivan@example.org,3
CSVFILEVOVA,Success2,Email,csullivan@example.org,3
CSVFILEVOVA,Success2,Email,csullivan@example.org,3
CSVFILEVOVA,Success2,Email,csullivan@example.org,3
CSVFILEVOVA,Success2,Email,csullivan@example.org,3
CSVFILEVOVA,Success2,Email,csullivan@example.org,3
CSVFILEVOVA,Success2,Email,csullivan@example.org,3
CSVFILEVOVA,Success2,Email,csullivan@example.org,3
CSVFILEVOVA,Success2,Email,csullivan@example.org,3
CSVFILEVOVA,Success3,Domain Name,lynch-allen.com,4
CSVFILEVOVA,Success3,Domain Name,lynch-allen.com,4
CSVFILEVOVA,Success3,Domain Name,lynch-allen.com,4
CSVFILEVOVA,Success3,Domain Name,lynch-allen.com,4
CSVFILEVOVA,Success3,Domain Name,lynch-allen.com,4
CSVFILEVOVA,Success3,Domain Name,lynch-allen.com,4
CSVFILEVOVA,Success3,Domain Name,lynch-allen.com,4
CSVFILEVOVA,Success3,Domain Name,lynch-allen.com,4
CSVFILEVOVA,Success3,Domain Name,lynch-allen.com,4
CSVFILEVOVA,Success3,Domain Name,lynch-allen.com,4
CSVFILEVOVA,Success3,Domain Name,lynch-allen.com,4
CSVFILEVOVA,Success3,Domain Name,lynch-allen.com,4
CSVFILEVOVA,Success3,Domain Name,lynch-allen.com,4
CSVFILEVOVA,Success3,Domain Name,lynch-allen.com,4
CSVFILEVOVA,Success3,Domain Name,lynch-allen.com,4
CSVFILEVOVA,Success3,Domain Name,lynch-allen.com,4
CSVFILEVOVA,Success3,Domain Name,lynch-allen.com,4
CSVFILEVOVA,Success3,Domain Name,lynch-allen.com,4
CSVFILEVOVA,Success3,Domain Name,lynch-allen.com,4
CSVFILEVOVA,Success3,Domain Name,lynch-allen.com,4
CSVFILEVOVA,Success3,Domain Name,lynch-allen.com,4
CSVFILEVOVA,Success3,Domain Name,lynch-allen.com,4
CSVFILEVOVA,Success,Full Name,Brett Fernandez,1
CSVFILEVOVA,Success,Full Name,Brett Fernandez,1
CSVFILEVOVA,Success,Full Name,Brett Fernandez,1
CSVFILEVOVA,Success,Full Name,Brett Fernandez,1
CSVFILEVOVA,Success,Full Name,Brett Fernandez,1
CSVFILEVOVA,Success,Full Name,Brett Fernandez,1
CSVFILEVOVA,Success,Full Name,Brett Fernandez,1
CSVFILEVOVA,Success,Full Name,Brett Fernandez,1
CSVFILEVOVA,Success,Full Name,Brett Fernandez,1
CSVFILEVOVA,Success,Full Name,Brett Fernandez,1
CSVFILEVOVA,Success,Full Name,Brett Fernandez,1
CSVFILEVOVA,Success,Full Name,Brett Fernandez,1
CSVFILEVOVA,Success,Full Name,Brett Fernandez,1
CSVFILEVOVA,Success,Full Name,Brett Fernandez,1
CSVFILEVOVA,Success,Full Name,Brett Fernandez,1
CSVFILEVOVA,Success,Full Name,Brett Fernandez,1
CSVFILEVOVA,Success,Full Name,Brett Fernandez,1
CSVFILEVOVA,Success,Full Name,Brett Fernandez,1
CSVFILEVOVA,Success,Full Name,Brett Fernandez,1
CSVFILEVOVA,Success,Full Name,Brett Fernandez,1
CSVFILEVOVA,Success,Full Name,Brett Fernandez,1
CSVFILEVOVA,Success,Full Name,Brett Fernandez,1
CSVFILEVOVA,Success1,Job,Pathologist,2
CSVFILEVOVA,Success1,Job,Pathologist,2
CSVFILEVOVA,Success1,Job,Pathologist,2
CSVFILEVOVA,Success1,Job,Pathologist,2
CSVFILEVOVA,Success1,Job,Pathologist,2
CSVFILEVOVA,Success1,Job,Pathologist,2
CSVFILEVOVA,Success1,Job,Pathologist,2
CSVFILEVOVA,Success1,Job,Pathologist,2
CSVFILEVOVA,Success1,Job,Pathologist,2
CSVFILEVOVA,Success1,Job,Pathologist,2
CSVFILEVOVA,Success1,Job,Pathologist,2
CSVFILEVOVA,Success1,Job,Pathologist,2
CSVFILEVOVA,Success1,Job,Pathologist,2
CSVFILEVOVA,Success1,Job,Pathologist,2
CSVFILEVOVA,Success1,Job,Pathologist,2
CSVFILEVOVA,Success1,Job,Pathologist,2
CSVFILEVOVA,Success1,Job,Pathologist,2
CSVFILEVOVA,Success1,Job,Pathologist,2
CSVFILEVOVA,Success1,Job,Pathologist,2
CSVFILEVOVA,Success1,Job,Pathologist,2
CSVFILEVOVA,Success1,Job,Pathologist,2
CSVFILEVOVA,Success1,Job,Pathologist,2
CSVFILEVOVA,Success,Full Name,Daniel Anderson Jr.,1
CSVFILEVOVA,Success,Full Name,Daniel Anderson Jr.,1
CSVFILEVOVA,Success,Full Name,Daniel Anderson Jr.,1
CSVFILEVOVA,Success,Full Name,Daniel Anderson Jr.,1
CSVFILEVOVA,Success,Full Name,Daniel Anderson Jr.,1
CSVFILEVOVA,Success,Full Name,Daniel Anderson Jr.,1
CSVFILEVOVA,Success,Full Name,Daniel Anderson Jr.,1
CSVFILEVOVA,Success,Full Name,Daniel Anderson Jr.,1
CSVFILEVOVA,Success,Full Name,Daniel Anderson Jr.,1
CSVFILEVOVA,Success,Full Name,Daniel Anderson Jr.,1
CSVFILEVOVA,Success,Full Name,Daniel Anderson Jr.,1
CSVFILEVOVA,Success,Full Name,Daniel Anderson Jr.,1
CSVFILEVOVA,Success,Full Name,Daniel Anderson Jr.,1
CSVFILEVOVA,Success,Full Name,Daniel Anderson Jr.,1
CSVFILEVOVA,Success,Full Name,Daniel Anderson Jr.,1
CSVFILEVOVA,Success,Full Name,Daniel Anderson Jr.,1
CSVFILEVOVA,Success,Full Name,Daniel Anderson Jr.,1
CSVFILEVOVA,Success,Full Name,Daniel Anderson Jr.,1
CSVFILEVOVA,Success,Full Name,Daniel Anderson Jr.,1
CSVFILEVOVA,Success,Full Name,Daniel Anderson Jr.,1
CSVFILEVOVA,Success,Full Name,Daniel Anderson Jr.,1
CSVFILEVOVA,Success,Full Name,Daniel Anderson Jr.,1
CSVFILEVOVA,Success1,Job,Mining engineer,2
CSVFILEVOVA,Success1,Job,Mining engineer,2
CSVFILEVOVA,Success1,Job,Mining engineer,2
CSVFILEVOVA,Success1,Job,Mining engineer,2
CSVFILEVOVA,Success1,Job,Mining engineer,2
CSVFILEVOVA,Success1,Job,Mining engineer,2
CSVFILEVOVA,Success1,Job,Mining engineer,2
CSVFILEVOVA,Success1,Job,Mining engineer,2
CSVFILEVOVA,Success1,Job,Mining engineer,2
CSVFILEVOVA,Success1,Job,Mining engineer,2
CSVFILEVOVA,Success1,Job,Mining engineer,2
CSVFILEVOVA,Success1,Job,Mining engineer,2
CSVFILEVOVA,Success1,Job,Mining engineer,2
CSVFILEVOVA,Success1,Job,Mining engineer,2
CSVFILEVOVA,Success1,Job,Mining engineer,2
CSVFILEVOVA,Success1,Job,Mining engineer,2
CSVFILEVOVA,Success1,Job,Mining engineer,2
CSVFILEVOVA,Success1,Job,Mining engineer,2
CSVFILEVOVA,Success1,Job,Mining engineer,2
CSVFILEVOVA,Success1,Job,Mining engineer,2
CSVFILEVOVA,Success1,Job,Mining engineer,2
CSVFILEVOVA,Success1,Job,Mining engineer,2
CSVFILEVOVA,Success2,Email,mollyshaw@example.com,3
CSVFILEVOVA,Success2,Email,mollyshaw@example.com,3
CSVFILEVOVA,Success2,Email,mollyshaw@example.com,3
CSVFILEVOVA,Success2,Email,mollyshaw@example.com,3
CSVFILEVOVA,Success2,Email,mollyshaw@example.com,3
CSVFILEVOVA,Success2,Email,mollyshaw@example.com,3
CSVFILEVOVA,Success2,Email,mollyshaw@example.com,3
CSVFILEVOVA,Success2,Email,mollyshaw@example.com,3
CSVFILEVOVA,Success2,Email,mollyshaw@example.com,3
CSVFILEVOVA,Success2,Email,mollyshaw@example.com,3
CSVFILEVOVA,Success2,Email,mollyshaw@example.com,3
CSVFILEVOVA,Success2,Email,mollyshaw@example.com,3
CSVFILEVOVA,Success2,Email,mollyshaw@example.com,3
CSVFILEVOVA,Success2,Email,mollyshaw@example.com,3
CSVFILEVOVA,Success2,Email,mollyshaw@example.com,3
CSVFILEVOVA,Success2,Email,mollyshaw@example.com,3
CSVFILEVOVA,Success2,Email,mollyshaw@example.com,3
CSVFILEVOVA,Success2,Email,mollyshaw@example.com,3
CSVFILEVOVA,Success2,Email,mollyshaw@example.com,3
CSVFILEVOVA,Success2,Email,mollyshaw@example.com,3
CSVFILEVOVA,Success2,Email,mollyshaw@example.com,3
CSVFILEVOVA,Success2,Email,mollyshaw@example.com,3
CSVFILEVOVA,Success3,Domain Name,barajas.com,4
CSVFILEVOVA,Success3,Domain Name,barajas.com,4
CSVFILEVOVA,Success3,Domain Name,barajas.com,4
CSVFILEVOVA,Success3,Domain Name,barajas.com,4
CSVFILEVOVA,Success3,Domain Name,barajas.com,4
CSVFILEVOVA,Success3,Domain Name,barajas.com,4
CSVFILEVOVA,Success3,Domain Name,barajas.com,4
CSVFILEVOVA,Success3,Domain Name,barajas.com,4
CSVFILEVOVA,Success3,Domain Name,barajas.com,4
CSVFILEVOVA,Success3,Domain Name,barajas.com,4
CSVFILEVOVA,Success3,Domain Name,barajas.com,4
CSVFILEVOVA,Success3,Domain Name,barajas.com,4
CSVFILEVOVA,Success3,Domain Name,barajas.com,4
CSVFILEVOVA,Success3,Domain Name,barajas.com,4
CSVFILEVOVA,Success3,Domain Name,barajas.com,4
CSVFILEVOVA,Success3,Domain Name,barajas.com,4
CSVFILEVOVA,Success3,Domain Name,barajas.com,4
CSVFILEVOVA,Success3,Domain Name,barajas.com,4
CSVFILEVOVA,Success3,Domain Name,barajas.com,4
CSVFILEVOVA,Success3,Domain Name,barajas.com,4
CSVFILEVOVA,Success3,Domain Name,barajas.com,4
CSVFILEVOVA,Success3,Domain Name,barajas.com,4
CSVFILEVOVA,Success,Full Name,Mark Scott,1
CSVFILEVOVA,Success,Full Name,Mark Scott,1
CSVFILEVOVA,Success,Full Name,Mark Scott,1
CSVFILEVOVA,Success,Full Name,Mark Scott,1
CSVFILEVOVA,Success,Full Name,Mark Scott,1
CSVFILEVOVA,Success,Full Name,Mark Scott,1
CSVFILEVOVA,Success,Full Name,Mark Scott,1
CSVFILEVOVA,Success,Full Name,Mark Scott,1
CSVFILEVOVA,Success,Full Name,Mark Scott,1
CSVFILEVOVA,Success,Full Name,Mark Scott,1
CSVFILEVOVA,Success,Full Name,Mark Scott,1
CSVFILEVOVA,Success,Full Name,Mark Scott,1
CSVFILEVOVA,Success,Full Name,Mark Scott,1
CSVFILEVOVA,Success,Full Name,Mark Scott,1
CSVFILEVOVA,Success,Full Name,Mark Scott,1
CSVFILEVOVA,Success,Full Name,Mark Scott,1
CSVFILEVOVA,Success,Full Name,Mark Scott,1
CSVFILEVOVA,Success,Full Name,Mark Scott,1
CSVFILEVOVA,Success,Full Name,Mark Scott,1
CSVFILEVOVA,Success,Full Name,Mark Scott,1
CSVFILEVOVA,Success,Full Name,Mark Scott,1
CSVFILEVOVA,Success,Full Name,Mark Scott,1
CSVFILEVOVA,Success1,Job,"Optician, dispensing",2
CSVFILEVOVA,Success1,Job,"Optician, dispensing",2
CSVFILEVOVA,Success1,Job,"Optician, dispensing",2
CSVFILEVOVA,Success1,Job,"Optician, dispensing",2
CSVFILEVOVA,Success1,Job,"Optician, dispensing",2
CSVFILEVOVA,Success1,Job,"Optician, dispensing",2
CSVFILEVOVA,Success1,Job,"Optician, dispensing",2
CSVFILEVOVA,Success1,Job,"Optician, dispensing",2
CSVFILEVOVA,Success1,Job,"Optician, dispensing",2
CSVFILEVOVA,Success1,Job,"Optician, dispensing",2
CSVFILEVOVA,Success1,Job,"Optician, dispensing",2
CSVFILEVOVA,Success1,Job,"Optician, dispensing",2
CSVFILEVOVA,Success1,Job,"Optician, dispensing",2
CSVFILEVOVA,Success1,Job,"Optician, dispensing",2
CSVFILEVOVA,Success1,Job,"Optician, dispensing",2
CSVFILEVOVA,Success1,Job,"Optician, dispensing",2
CSVFILEVOVA,Success1,Job,"Optician, dispensing",2
CSVFILEVOVA,Success1,Job,"Optician, dispensing",2
CSVFILEVOVA,Success1,Job,"Optician, dispensing",2
CSVFILEVOVA,Success1,Job,"Optician, dispensing",2
CSVFILEVOVA,Success1,Job,"Optician, dispensing",2
CSVFILEVOVA,Success1,Job,"Optician, dispensing",2
CSVFILEVOVA,Success2,Email,harrisonmarisa@example.com,3
CSVFILEVOVA,Success2,Email,harrisonmarisa@example.com,3
CSVFILEVOVA,Success2,Email,harrisonmarisa@example.com,3
CSVFILEVOVA,Success2,Email,harrisonmarisa@example.com,3
CSVFILEVOVA,Success2,Email,harrisonmarisa@example.com,3
CSVFILEVOVA,Success2,Email,harrisonmarisa@example.com,3
CSVFILEVOVA,Success2,Email,harrisonmarisa@example.com,3
CSVFILEVOVA,Success2,Email,harrisonmarisa@example.com,3
CSVFILEVOVA,Success2,Email,harrisonmarisa@example.com,3
CSVFILEVOVA,Success2,Email,harrisonmarisa@example.com,3
CSVFILEVOVA,Success2,Email,harrisonmarisa@example.com,3
CSVFILEVOVA,Success2,Email,harrisonmarisa@example.com,3
CSVFILEVOVA,Success2,Email,harrisonmarisa@example.com,3
CSVFILEVOVA,Success2,Email,harrisonmarisa@example.com,3
CSVFILEVOVA,Success2,Email,harrisonmarisa@example.com,3
CSVFILEVOVA,Success2,Email,harrisonmarisa@example.com,3
CSVFILEVOVA,Success2,Email,harrisonmarisa@example.com,3
CSVFILEVOVA,Success2,Email,harrisonmarisa@example.com,3
CSVFILEVOVA,Success2,Email,harrisonmarisa@example.com,3
CSVFILEVOVA,Success2,Email,harrisonmarisa@example.com,3
CSVFILEVOVA,Success2,Email,harrisonmarisa@example.com,3
CSVFILEVOVA,Success2,Email,harrisonmarisa@example.com,3
CSVFILEVOVA,Success3,Domain Name,cruz.org,4
CSVFILEVOVA,Success3,Domain Name,cruz.org,4
CSVFILEVOVA,Success3,Domain Name,cruz.org,4
CSVFILEVOVA,Success3,Domain Name,cruz.org,4
CSVFILEVOVA,Success3,Domain Name,cruz.org,4
CSVFILEVOVA,Success3,Domain Name,cruz.org,4
CSVFILEVOVA,Success3,Domain Name,cruz.org,4
CSVFILEVOVA,Success3,Domain Name,cruz.org,4
CSVFILEVOVA,Success3,Domain Name,cruz.org,4
CSVFILEVOVA,Success3,Domain Name,cruz.org,4
CSVFILEVOVA,Success3,Domain Name,cruz.org,4
CSVFILEVOVA,Success3,Domain Name,cruz.org,4
CSVFILEVOVA,Success3,Domain Name,cruz.org,4
CSVFILEVOVA,Success3,Domain Name,cruz.org,4
CSVFILEVOVA,Success3,Domain Name,cruz.org,4
CSVFILEVOVA,Success3,Domain Name,cruz.org,4
CSVFILEVOVA,Success3,Domain Name,cruz.org,4
CSVFILEVOVA,Success3,Domain Name,cruz.org,4
CSVFILEVOVA,Success3,Domain Name,cruz.org,4
CSVFILEVOVA,Success3,Domain Name,cruz.org,4
CSVFILEVOVA,Success3,Domain Name,cruz.org,4
CSVFILEVOVA,Success3,Domain Name,cruz.org,4
CSVFILEVOVA,Success,Full Name,Stephanie Maldonado,1
CSVFILEVOVA,Success,Full Name,Stephanie Maldonado,1
CSVFILEVOVA,Success,Full Name,Stephanie Maldonado,1
CSVFILEVOVA,Success,Full Name,Stephanie Maldonado,1
CSVFILEVOVA,Success,Full Name,Stephanie Maldonado,1
CSVFILEVOVA,Success,Full Name,Stephanie Maldonado,1
CSVFILEVOVA,Success,Full Name,Stephanie Maldonado,1
CSVFILEVOVA,Success,Full Name,Stephanie Maldonado,1
CSVFILEVOVA,Success,Full Name,Stephanie Maldonado,1
CSVFILEVOVA,Success,Full Name,Stephanie Maldonado,1
CSVFILEVOVA,Success,Full Name,Stephanie Maldonado,1
CSVFILEVOVA,Success,Full Name,Stephanie Maldonado,1
CSVFILEVOVA,Success,Full Name,Stephanie Maldonado,1
CSVFILEVOVA,Success,Full Name,Stephanie Maldonado,1
CSVFILEVOVA,Success,Full Name,Stephanie Maldonado,1
CSVFILEVOVA,Success,Full Name,Stephanie Maldonado,1
CSVFILEVOVA,Success,Full Name,Stephanie Maldonado,1
CSVFILEVOVA,Success,Full Name,Stephanie Maldonado,1
CSVFILEVOVA,Success,Full Name,Stephanie Maldonado,1
CSVFILEVOVA,Success,Full Name,Stephanie Maldonado,1
CSVFILEVOVA,Success,Full Name,Stephanie Maldonado,1
CSVFILEVOVA,Success,Full Name,Stephanie Maldonado,1
CSVFILEVOVA,Success1,Job,Education administrator,2
CSVFILEVOVA,Success1,Job,Education administrator,2
CSVFILEVOVA,Success1,Job,Education administrator,2
CSVFILEVOVA,Success1,Job,Education administrator,2
CSVFILEVOVA,Success1,Job,Education administrator,2
CSVFILEVOVA,Success1,Job,Education administrator,2
CSVFILEVOVA,Success1,Job,Education administrator,2
CSVFILEVOVA,Success1,Job,Education administrator,2
CSVFILEVOVA,Success1,Job,Education administrator,2
CSVFILEVOVA,Success1,Job,Education administrator,2
CSVFILEVOVA,Success1,Job,Education administrator,2
CSVFILEVOVA,Success1,Job,Education administrator,2
CSVFILEVOVA,Success1,Job,Education administrator,2
CSVFILEVOVA,Success1,Job,Education administrator,2
CSVFILEVOVA,Success1,Job,Education administrator,2
CSVFILEVOVA,Success1,Job,Education administrator,2
CSVFILEVOVA,Success1,Job,Education administrator,2
CSVFILEVOVA,Success1,Job,Education administrator,2
CSVFILEVOVA,Success1,Job,Education administrator,2
CSVFILEVOVA,Success1,Job,Education administrator,2
CSVFILEVOVA,Success1,Job,Education administrator,2
CSVFILEVOVA,Success1,Job,Education administrator,2
CSVFILEVOVA,Success2,Email,susanwatson@example.net,3
CSVFILEVOVA,Success2,Email,susanwatson@example.net,3
CSVFILEVOVA,Success2,Email,susanwatson@example.net,3
CSVFILEVOVA,Success2,Email,susanwatson@example.net,3
CSVFILEVOVA,Success2,Email,susanwatson@example.net,3
CSVFILEVOVA,Success2,Email,susanwatson@example.net,3
CSVFILEVOVA,Success2,Email,susanwatson@example.net,3
CSVFILEVOVA,Success2,Email,susanwatson@example.net,3
CSVFILEVOVA,Success2,Email,susanwatson@example.net,3
CSVFILEVOVA,Success2,Email,susanwatson@example.net,3
CSVFILEVOVA,Success2,Email,susanwatson@example.net,3
CSVFILEVOVA,Success2,Email,susanwatson@example.net,3
CSVFILEVOVA,Success2,Email,susanwatson@example.net,3
CSVFILEVOVA,Success2,Email,susanwatson@example.net,3
CSVFILEVOVA,Success2,Email,susanwatson@example.net,3
CSVFILEVOVA,Success2,Email,susanwatson@example.net,3
CSVFILEVOVA,Success2,Email,susanwatson@example.net,3
CSVFILEVOVA,Success2,Email,susanwatson@example.net,3
CSVFILEVOVA,Success2,Email,susanwatson@example.net,3
CSVFILEVOVA,Success2,Email,susanwatson@example.net,3
CSVFILEVOVA,Success2,Email,susanwatson@example.net,3
CSVFILEVOVA,Success2,Email,susanwatson@example.net,3
CSVFILEVOVA,Success3,Domain Name,osborne.org,4
CSVFILEVOVA,Success3,Domain Name,osborne.org,4
CSVFILEVOVA,Success3,Domain Name,osborne.org,4
CSVFILEVOVA,Success3,Domain Name,osborne.org,4
CSVFILEVOVA,Success3,Domain Name,osborne.org,4
CSVFILEVOVA,Success3,Domain Name,osborne.org,4
CSVFILEVOVA,Success3,Domain Name,osborne.org,4
CSVFILEVOVA,Success3,Domain Name,osborne.org,4
CSVFILEVOVA,Success3,Domain Name,osborne.org,4
CSVFILEVOVA,Success3,Domain Name,osborne.org,4
CSVFILEVOVA,Success3,Domain Name,osborne.org,4
CSVFILEVOVA,Success3,Domain Name,osborne.org,4
CSVFILEVOVA,Success3,Domain Name,osborne.org,4
CSVFILEVOVA,Success3,Domain Name,osborne.org,4
CSVFILEVOVA,Success3,Domain Name,osborne.org,4
CSVFILEVOVA,Success3,Domain Name,osborne.org,4
CSVFILEVOVA,Success3,Domain Name,osborne.org,4
CSVFILEVOVA,Success3,Domain Name,osborne.org,4
CSVFILEVOVA,Success3,Domain Name,osborne.org,4
CSVFILEVOVA,Success3,Domain Name,osborne.org,4
CSVFILEVOVA,Success3,Domain Name,osborne.org,4
CSVFILEVOVA,Success3,Domain Name,osborne.org,4
CSVFILEVOVA,Success,Full Name,Gary Larson,1
CSVFILEVOVA,Success,Full Name,Gary Larson,1
CSVFILEVOVA,Success,Full Name,Gary Larson,1
CSVFILEVOVA,Success,Full Name,Gary Larson,1
CSVFILEVOVA,Success,Full Name,Gary Larson,1
CSVFILEVOVA,Success,Full Name,Gary Larson,1
CSVFILEVOVA,Success,Full Name,Gary Larson,1
CSVFILEVOVA,Success,Full Name,Gary Larson,1
CSVFILEVOVA,Success,Full Name,Gary Larson,1
CSVFILEVOVA,Success,Full Name,Gary Larson,1
CSVFILEVOVA,Success,Full Name,Gary Larson,1
CSVFILEVOVA,Success,Full Name,Gary Larson,1
CSVFILEVOVA,Success,Full Name,Gary Larson,1
CSVFILEVOVA,Success,Full Name,Gary Larson,1
CSVFILEVOVA,Success,Full Name,Gary Larson,1
CSVFILEVOVA,Success,Full Name,Gary Larson,1
CSVFILEVOVA,Success,Full Name,Gary Larson,1
CSVFILEVOVA,Success,Full Name,Gary Larson,1
CSVFILEVOVA,Success,Full Name,Gary Larson,1
CSVFILEVOVA,Success,Full Name,Gary Larson,1
CSVFILEVOVA,Success,Full Name,Gary Larson,1
CSVFILEVOVA,Success,Full Name,Gary Larson,1
CSVFILEVOVA,Success1,Job,Illustrator,2
CSVFILEVOVA,Success1,Job,Illustrator,2
CSVFILEVOVA,Success1,Job,Illustrator,2
CSVFILEVOVA,Success1,Job,Illustrator,2
CSVFILEVOVA,Success1,Job,Illustrator,2
CSVFILEVOVA,Success1,Job,Illustrator,2
CSVFILEVOVA,Success1,Job,Illustrator,2
CSVFILEVOVA,Success1,Job,Illustrator,2
CSVFILEVOVA,Success1,Job,Illustrator,2
CSVFILEVOVA,Success1,Job,Illustrator,2
CSVFILEVOVA,Success1,Job,Illustrator,2
CSVFILEVOVA,Success1,Job,Illustrator,2
CSVFILEVOVA,Success1,Job,Illustrator,2
CSVFILEVOVA,Success1,Job,Illustrator,2
CSVFILEVOVA,Success1,Job,Illustrator,2
CSVFILEVOVA,Success1,Job,Illustrator,2
CSVFILEVOVA,Success1,Job,Illustrator,2
CSVFILEVOVA,Success1,Job,Illustrator,2
CSVFILEVOVA,Success1,Job,Illustrator,2
CSVFILEVOVA,Success1,Job,Illustrator,2
CSVFILEVOVA,Success1,Job,Illustrator,2
CSVFILEVOVA,Success1,Job,Illustrator,2
CSVFILEVOVA,Success2,Email,kathryn87@example.com,3
CSVFILEVOVA,Success2,Email,kathryn87@example.com,3
CSVFILEVOVA,Success2,Email,kathryn87@example.com,3
CSVFILEVOVA,Success2,Email,kathryn87@example.com,3
CSVFILEVOVA,Success2,Email,kathryn87@example.com,3
CSVFILEVOVA,Success2,Email,kathryn87@example.com,3
CSVFILEVOVA,Success2,Email,kathryn87@example.com,3
CSVFILEVOVA,Success2,Email,kathryn87@example.com,3
CSVFILEVOVA,Success2,Email,kathryn87@example.com,3
CSVFILEVOVA,Success2,Email,kathryn87@example.com,3
CSVFILEVOVA,Success2,Email,kathryn87@example.com,3
CSVFILEVOVA,Success2,Email,kathryn87@example.com,3
CSVFILEVOVA,Success2,Email,kathryn87@example.com,3
CSVFILEVOVA,Success2,Email,kathryn87@example.com,3
CSVFILEVOVA,Success2,Email,kathryn87@example.com,3
CSVFILEVOVA,Success2,Email,kathryn87@example.com,3
CSVFILEVOVA,Success2,Email,kathryn87@example.com,3
CSVFILEVOVA,Success2,Email,kathryn87@example.com,3
CSVFILEVOVA,Success2,Email,kathryn87@example.com,3
CSVFILEVOVA,Success2,Email,kathryn87@example.com,3
CSVFILEVOVA,Success2,Email,kathryn87@example.com,3
CSVFILEVOVA,Success2,Email,kathryn87@example.com,3
CSVFILEVOVA,Success3,Domain Name,mathis-cooper.com,4
CSVFILEVOVA,Success3,Domain Name,mathis-cooper.com,4
CSVFILEVOVA,Success3,Domain Name,mathis-cooper.com,4
CSVFILEVOVA,Success3,Domain Name,mathis-cooper.com,4
CSVFILEVOVA,Success3,Domain Name,mathis-cooper.com,4
CSVFILEVOVA,Success3,Domain Name,mathis-cooper.com,4
CSVFILEVOVA,Success3,Domain Name,mathis-cooper.com,4
CSVFILEVOVA,Success3,Domain Name,mathis-cooper.com,4
CSVFILEVOVA,Success3,Domain Name,mathis-cooper.com,4
CSVFILEVOVA,Success3,Domain Name,mathis-cooper.com,4
CSVFILEVOVA,Success3,Domain Name,mathis-cooper.com,4
CSVFILEVOVA,Success3,Domain Name,mathis-cooper.com,4
CSVFILEVOVA,Success3,Domain Name,mathis-cooper.com,4
CSVFILEVOVA,Success3,Domain Name,mathis-cooper.com,4
CSVFILEVOVA,Success3,Domain Name,mathis-cooper.com,4
CSVFILEVOVA,Success3,Domain Name,mathis-cooper.com,4
CSVFILEVOVA,Success3,Domain Name,mathis-cooper.com,4
CSVFILEVOVA,Success3,Domain Name,mathis-cooper.com,4
CSVFILEVOVA,Success3,Domain Name,mathis-cooper.com,4
CSVFILEVOVA,Success3,Domain Name,mathis-cooper.com,4
CSVFILEVOVA,Success3,Domain Name,mathis-cooper.com,4
CSVFILEVOVA,Success3,Domain Name,mathis-cooper.com,4
CSVFILEVOVA,Success,Full Name,Heather Kelly,1
CSVFILEVOVA,Success,Full Name,Heather Kelly,1
CSVFILEVOVA,Success,Full Name,Heather Kelly,1
CSVFILEVOVA,Success,Full Name,Heather Kelly,1
CSVFILEVOVA,Success,Full Name,Heather Kelly,1
CSVFILEVOVA,Success,Full Name,Heather Kelly,1
CSVFILEVOVA,Success,Full Name,Heather Kelly,1
CSVFILEVOVA,Success,Full Name,Heather Kelly,1
CSVFILEVOVA,Success,Full Name,Heather Kelly,1
CSVFILEVOVA,Success,Full Name,Heather Kelly,1
CSVFILEVOVA,Success,Full Name,Heather Kelly,1
CSVFILEVOVA,Success,Full Name,Heather Kelly,1
CSVFILEVOVA,Success,Full Name,Heather Kelly,1
CSVFILEVOVA,Success,Full Name,Heather Kelly,1
CSVFILEVOVA,Success,Full Name,Heather Kelly,1
CSVFILEVOVA,Success,Full Name,Heather Kelly,1
CSVFILEVOVA,Success,Full Name,Heather Kelly,1
CSVFILEVOVA,Success,Full Name,Heather Kelly,1
CSVFILEVOVA,Success,Full Name,Heather Kelly,1
CSVFILEVOVA,Success,Full Name,Heather Kelly,1
CSVFILEVOVA,Success,Full Name,Heather Kelly,1
CSVFILEVOVA,Success,Full Name,Heather Kelly,1
CSVFILEVOVA,Success,Full Name,Donna Padilla,1
CSVFILEVOVA,Success,Full Name,Donna Padilla,1
CSVFILEVOVA,Success,Full Name,Donna Padilla,1
CSVFILEVOVA,Success,Full Name,Donna Padilla,1
CSVFILEVOVA,Success,Full Name,Donna Padilla,1
CSVFILEVOVA,Success,Full Name,Donna Padilla,1
CSVFILEVOVA,Success,Full Name,Donna Padilla,1
CSVFILEVOVA,Success,Full Name,Donna Padilla,1
CSVFILEVOVA,Success,Full Name,Donna Padilla,1
CSVFILEVOVA,Success,Full Name,Donna Padilla,1
CSVFILEVOVA,Success,Full Name,Donna Padilla,1
CSVFILEVOVA,Success,Full Name,Donna Padilla,1
CSVFILEVOVA,Success,Full Name,Donna Padilla,1
CSVFILEVOVA,Success,Full Name,Donna Padilla,1
CSVFILEVOVA,Success,Full Name,Donna Padilla,1
CSVFILEVOVA,Success,Full Name,Donna Padilla,1
CSVFILEVOVA,Success,Full Name,Donna Padilla,1
CSVFILEVOVA,Success,Full Name,Donna Padilla,1
CSVFILEVOVA,Success,Full Name,Donna Padilla,1
CSVFILEVOVA,Success,Full Name,Donna Padilla,1
CSVFILEVOVA,Success,Full Name,Donna Padilla,1
CSVFILEVOVA,Success,Full Name,Donna Padilla,1
CSVFILEVOVA,Success1,Job,Banker,2
CSVFILEVOVA,Success1,Job,Banker,2
CSVFILEVOVA,Success1,Job,Banker,2
CSVFILEVOVA,Success1,Job,Banker,2
CSVFILEVOVA,Success1,Job,Banker,2
CSVFILEVOVA,Success1,Job,Banker,2
CSVFILEVOVA,Success1,Job,Banker,2
CSVFILEVOVA,Success1,Job,Banker,2
CSVFILEVOVA,Success1,Job,Banker,2
CSVFILEVOVA,Success1,Job,Banker,2
CSVFILEVOVA,Success1,Job,Banker,2
CSVFILEVOVA,Success1,Job,Banker,2
CSVFILEVOVA,Success1,Job,Banker,2
CSVFILEVOVA,Success1,Job,Banker,2
CSVFILEVOVA,Success1,Job,Banker,2
CSVFILEVOVA,Success1,Job,Banker,2
CSVFILEVOVA,Success1,Job,Banker,2
CSVFILEVOVA,Success1,Job,Banker,2
CSVFILEVOVA,Success1,Job,Banker,2
CSVFILEVOVA,Success1,Job,Banker,2
CSVFILEVOVA,Success1,Job,Banker,2
CSVFILEVOVA,Success1,Job,Banker,2
CSVFILEVOVA,Success2,Email,calvingutierrez@example.net,3
CSVFILEVOVA,Success2,Email,calvingutierrez@example.net,3
CSVFILEVOVA,Success2,Email,calvingutierrez@example.net,3
CSVFILEVOVA,Success2,Email,calvingutierrez@example.net,3
CSVFILEVOVA,Success2,Email,calvingutierrez@example.net,3
CSVFILEVOVA,Success2,Email,calvingutierrez@example.net,3
CSVFILEVOVA,Success2,Email,calvingutierrez@example.net,3
CSVFILEVOVA,Success2,Email,calvingutierrez@example.net,3
CSVFILEVOVA,Success2,Email,calvingutierrez@example.net,3
CSVFILEVOVA,Success2,Email,calvingutierrez@example.net,3
CSVFILEVOVA,Success2,Email,calvingutierrez@example.net,3
CSVFILEVOVA,Success2,Email,calvingutierrez@example.net,3
CSVFILEVOVA,Success2,Email,calvingutierrez@example.net,3
CSVFILEVOVA,Success2,Email,calvingutierrez@example.net,3
CSVFILEVOVA,Success2,Email,calvingutierrez@example.net,3
CSVFILEVOVA,Success2,Email,calvingutierrez@example.net,3
CSVFILEVOVA,Success2,Email,calvingutierrez@example.net,3
CSVFILEVOVA,Success2,Email,calvingutierrez@example.net,3
CSVFILEVOVA,Success2,Email,calvingutierrez@example.net,3
CSVFILEVOVA,Success2,Email,calvingutierrez@example.net,3
CSVFILEVOVA,Success2,Email,calvingutierrez@example.net,3
CSVFILEVOVA,Success2,Email,calvingutierrez@example.net,3
CSVFILEVOVA,Success3,Domain Name,ballard-wilson.com,4
CSVFILEVOVA,Success3,Domain Name,ballard-wilson.com,4
CSVFILEVOVA,Success3,Domain Name,ballard-wilson.com,4
CSVFILEVOVA,Success3,Domain Name,ballard-wilson.com,4
CSVFILEVOVA,Success3,Domain Name,ballard-wilson.com,4
CSVFILEVOVA,Success3,Domain Name,ballard-wilson.com,4
CSVFILEVOVA,Success3,Domain Name,ballard-wilson.com,4
CSVFILEVOVA,Success3,Domain Name,ballard-wilson.com,4
CSVFILEVOVA,Success3,Domain Name,ballard-wilson.com,4
CSVFILEVOVA,Success3,Domain Name,ballard-wilson.com,4
CSVFILEVOVA,Success3,Domain Name,ballard-wilson.com,4
CSVFILEVOVA,Success3,Domain Name,ballard-wilson.com,4
CSVFILEVOVA,Success3,Domain Name,ballard-wilson.com,4
CSVFILEVOVA,Success3,Domain Name,ballard-wilson.com,4
CSVFILEVOVA,Success3,Domain Name,ballard-wilson.com,4
CSVFILEVOVA,Success3,Domain Name,ballard-wilson.com,4
CSVFILEVOVA,Success3,Domain Name,ballard-wilson.com,4
CSVFILEVOVA,Success3,Domain Name,ballard-wilson.com,4
CSVFILEVOVA,Success3,Domain Name,ballard-wilson.com,4
CSVFILEVOVA,Success3,Domain Name,ballard-wilson.com,4
CSVFILEVOVA,Success3,Domain Name,ballard-wilson.com,4
CSVFILEVOVA,Success3,Domain Name,ballard-wilson.com,4
CSVFILEVOVA,Success,Full Name,Christy Rice,1
CSVFILEVOVA,Success,Full Name,Christy Rice,1
CSVFILEVOVA,Success,Full Name,Christy Rice,1
CSVFILEVOVA,Success,Full Name,Christy Rice,1
CSVFILEVOVA,Success,Full Name,Christy Rice,1
CSVFILEVOVA,Success,Full Name,Christy Rice,1
CSVFILEVOVA,Success,Full Name,Christy Rice,1
CSVFILEVOVA,Success,Full Name,Christy Rice,1
CSVFILEVOVA,Success,Full Name,Christy Rice,1
CSVFILEVOVA,Success,Full Name,Christy Rice,1
CSVFILEVOVA,Success,Full Name,Christy Rice,1
CSVFILEVOVA,Success,Full Name,Christy Rice,1
CSVFILEVOVA,Success,Full Name,Christy Rice,1
CSVFILEVOVA,Success,Full Name,Christy Rice,1
CSVFILEVOVA,Success,Full Name,Christy Rice,1
CSVFILEVOVA,Success,Full Name,Christy Rice,1
CSVFILEVOVA,Success,Full Name,Christy Rice,1
CSVFILEVOVA,Success,Full Name,Christy Rice,1
CSVFILEVOVA,Success,Full Name,Christy Rice,1
CSVFILEVOVA,Success,Full Name,Christy Rice,1
CSVFILEVOVA,Success,Full Name,Christy Rice,1
CSVFILEVOVA,Success,Full Name,Christy Rice,1
CSVFILEVOVA,Success1,Job,Advertising account executive,2
CSVFILEVOVA,Success1,Job,Advertising account executive,2
CSVFILEVOVA,Success1,Job,Advertising account executive,2
CSVFILEVOVA,Success1,Job,Advertising account executive,2
CSVFILEVOVA,Success1,Job,Advertising account executive,2
CSVFILEVOVA,Success1,Job,Advertising account executive,2
CSVFILEVOVA,Success1,Job,Advertising account executive,2
CSVFILEVOVA,Success1,Job,Advertising account executive,2
CSVFILEVOVA,Success1,Job,Advertising account executive,2
CSVFILEVOVA,Success1,Job,Advertising account executive,2
CSVFILEVOVA,Success1,Job,Advertising account executive,2
CSVFILEVOVA,Success1,Job,Advertising account executive,2
CSVFILEVOVA,Success1,Job,Advertising account executive,2
CSVFILEVOVA,Success1,Job,Advertising account executive,2
CSVFILEVOVA,Success1,Job,Advertising account executive,2
CSVFILEVOVA,Success1,Job,Advertising account executive,2
CSVFILEVOVA,Success1,Job,Advertising account executive,2
CSVFILEVOVA,Success1,Job,Advertising account executive,2
CSVFILEVOVA,Success1,Job,Advertising account executive,2
CSVFILEVOVA,Success1,Job,Advertising account executive,2
CSVFILEVOVA,Success1,Job,Advertising account executive,2
CSVFILEVOVA,Success1,Job,Advertising account executive,2
CSVFILEVOVA,Success2,Email,lisaadams@example.org,3
CSVFILEVOVA,Success2,Email,lisaadams@example.org,3
CSVFILEVOVA,Success2,Email,lisaadams@example.org,3
CSVFILEVOVA,Success2,Email,lisaadams@example.org,3
CSVFILEVOVA,Success2,Email,lisaadams@example.org,3
CSVFILEVOVA,Success2,Email,lisaadams@example.org,3
CSVFILEVOVA,Success2,Email,lisaadams@example.org,3
CSVFILEVOVA,Success2,Email,lisaadams@example.org,3
CSVFILEVOVA,Success2,Email,lisaadams@example.org,3
CSVFILEVOVA,Success2,Email,lisaadams@example.org,3
CSVFILEVOVA,Success2,Email,lisaadams@example.org,3
CSVFILEVOVA,Success2,Email,lisaadams@example.org,3
CSVFILEVOVA,Success2,Email,lisaadams@example.org,3
CSVFILEVOVA,Success2,Email,lisaadams@example.org,3
CSVFILEVOVA,Success2,Email,lisaadams@example.org,3
CSVFILEVOVA,Success2,Email,lisaadams@example.org,3
CSVFILEVOVA,Success2,Email,lisaadams@example.org,3
CSVFILEVOVA,Success2,Email,lisaadams@example.org,3
CSVFILEVOVA,Success2,Email,lisaadams@example.org,3
CSVFILEVOVA,Success2,Email,lisaadams@example.org,3
CSVFILEVOVA,Success2,Email,lisaadams@example.org,3
CSVFILEVOVA,Success2,Email,lisaadams@example.org,3
CSVFILEVOVA,Success3,Domain Name,davidson.info,4
CSVFILEVOVA,Success3,Domain Name,davidson.info,4
CSVFILEVOVA,Success3,Domain Name,davidson.info,4
CSVFILEVOVA,Success3,Domain Name,davidson.info,4
CSVFILEVOVA,Success3,Domain Name,davidson.info,4
CSVFILEVOVA,Success3,Domain Name,davidson.info,4
CSVFILEVOVA,Success3,Domain Name,davidson.info,4
CSVFILEVOVA,Success3,Domain Name,davidson.info,4
CSVFILEVOVA,Success3,Domain Name,davidson.info,4
CSVFILEVOVA,Success3,Domain Name,davidson.info,4
CSVFILEVOVA,Success3,Domain Name,davidson.info,4
CSVFILEVOVA,Success3,Domain Name,davidson.info,4
CSVFILEVOVA,Success3,Domain Name,davidson.info,4
CSVFILEVOVA,Success3,Domain Name,davidson.info,4
CSVFILEVOVA,Success3,Domain Name,davidson.info,4
CSVFILEVOVA,Success3,Domain Name,davidson.info,4
CSVFILEVOVA,Success3,Domain Name,davidson.info,4
CSVFILEVOVA,Success3,Domain Name,davidson.info,4
CSVFILEVOVA,Success3,Domain Name,davidson.info,4
CSVFILEVOVA,Success3,Domain Name,davidson.info,4
CSVFILEVOVA,Success3,Domain Name,davidson.info,4
CSVFILEVOVA,Success3,Domain Name,davidson.info,4
